[{"pos_x": 109.22, "pos_y": -109.22, "rotation": 0.0, "side": "top", "designator": "U4", "mpn": null, "pack": "SOT-563", "value": "AP62250Z6", "mount_type": "smt", "place": true}, {"pos_x": 104.53, "pos_y": -97.37, "rotation": 0.0, "side": "top", "designator": "U3", "mpn": null, "pack": "SOT-563", "value": "AP62250Z6", "mount_type": "smt", "place": true}, {"pos_x": 53.35, "pos_y": -100.33, "rotation": 0.0, "side": "top", "designator": "A1", "mpn": null, "pack": "Arduino_Nano", "value": "Arduino_Nano_Every", "mount_type": "tht", "place": true}, {"pos_x": 132.08, "pos_y": -93.98, "rotation": 0.0, "side": "top", "designator": "U1", "mpn": null, "pack": "BGA289C80P17X17_1400X1400X132", "value": "MCIMX6Z0DVM09AB", "mount_type": "smt", "place": true}, {"pos_x": 159.35, "pos_y": -93.98, "rotation": 0.0, "side": "top", "designator": "U2", "mpn": null, "pack": "BGA96C80P9X16_1400X800X120N", "value": "MT41K64M16TW-107:J_TR", "mount_type": "smt", "place": true}]