[{"pos_x": 93.44, "pos_y": -59.41, "rotation": 0.0, "side": "top", "designator": "J1", "mpn": null, "pack": "PinHeader_2x05_P1.27mm_Vertical", "value": "Conn_ARM_JTAG_SWD_10", "mount_type": "tht", "place": true}, {"pos_x": 121.92, "pos_y": -61.01, "rotation": 0.0, "side": "top", "designator": "H3", "mpn": null, "pack": "MountingHole_2.5mm_Pad", "value": "MountingHole", "mount_type": "tht", "place": true}, {"pos_x": 121.92, "pos_y": -67.56, "rotation": 0.0, "side": "top", "designator": "H2", "mpn": null, "pack": "MountingHole_2.5mm_Pad", "value": "MountingHole", "mount_type": "tht", "place": true}, {"pos_x": 115.37, "pos_y": -67.56, "rotation": 0.0, "side": "top", "designator": "H1", "mpn": null, "pack": "MountingHole_2.5mm_Pad", "value": "MountingHole", "mount_type": "tht", "place": true}, {"pos_x": 79.19, "pos_y": -62.89, "rotation": 0.0, "side": "top", "designator": "Y2", "mpn": null, "pack": "Crystal_SMD_MicroCrystal_MS1V-T1K", "value": "Crystal", "mount_type": "smt", "place": true}, {"pos_x": 98.04, "pos_y": -59.96, "rotation": 0.0, "side": "top", "designator": "X1", "mpn": null, "pack": "Oscillator_SMD_Abracon_ASE-4Pin_3.2x2.5mm", "value": "ASE-xxxMHz", "mount_type": "smt", "place": true}, {"pos_x": 92.09, "pos_y": -69.76, "rotation": 0.0, "side": "top", "designator": "TP3", "mpn": null, "pack": "TestPoint_Pad_1.0x1.0mm", "value": "SNVS", "mount_type": "tht", "place": true}, {"pos_x": 97.84, "pos_y": -66.22, "rotation": 0.0, "side": "top", "designator": "TP2", "mpn": null, "pack": "TestPoint_Pad_1.0x1.0mm", "value": "Bootmode 1", "mount_type": "tht", "place": true}, {"pos_x": 102.09, "pos_y": -59.26, "rotation": 0.0, "side": "top", "designator": "TP1", "mpn": null, "pack": "TestPoint_Pad_1.0x1.0mm", "value": "Bootmode 0", "mount_type": "tht", "place": true}, {"pos_x": 86.59, "pos_y": -61.26, "rotation": 0.0, "side": "top", "designator": "SW2", "mpn": null, "pack": "SW_SPST_TL3342", "value": "SW_SPST", "mount_type": "smt", "place": true}, {"pos_x": 81.34, "pos_y": -71.51, "rotation": 0.0, "side": "top", "designator": "SW1", "mpn": null, "pack": "SW_SPST_TL3342", "value": "SW_SPST", "mount_type": "smt", "place": true}, {"pos_x": 172.35, "pos_y": -43.45, "rotation": 0.0, "side": "top", "designator": "R42", "mpn": null, "pack": "R_0402_1005Metric", "value": "0", "mount_type": "smt", "place": true}, {"pos_x": 176.91, "pos_y": 9.01, "rotation": 0.0, "side": "top", "designator": "R41", "mpn": null, "pack": "R_0402_1005Metric", "value": "0", "mount_type": "smt", "place": true}, {"pos_x": 172.35, "pos_y": -24.14, "rotation": 0.0, "side": "top", "designator": "R40", "mpn": null, "pack": "R_0402_1005Metric", "value": "0", "mount_type": "smt", "place": true}, {"pos_x": 200.11, "pos_y": -16.61, "rotation": 0.0, "side": "top", "designator": "R39", "mpn": null, "pack": "R_0402_1005Metric", "value": "0", "mount_type": "smt", "place": true}, {"pos_x": 197.2, "pos_y": -16.61, "rotation": 0.0, "side": "top", "designator": "R38", "mpn": null, "pack": "R_0402_1005Metric", "value": "4.7K", "mount_type": "smt", "place": true}, {"pos_x": 203.02, "pos_y": -16.61, "rotation": 0.0, "side": "top", "designator": "R37", "mpn": null, "pack": "R_0402_1005Metric", "value": "4.7K", "mount_type": "smt", "place": true}, {"pos_x": 209.17, "pos_y": 6.0, "rotation": 0.0, "side": "top", "designator": "R36", "mpn": null, "pack": "R_0402_1005Metric", "value": "0", "mount_type": "smt", "place": true}, {"pos_x": 91.58, "pos_y": -72.28, "rotation": 0.0, "side": "top", "designator": "R35", "mpn": null, "pack": "R_0402_1005Metric", "value": "DNP", "mount_type": "smt", "place": true}, {"pos_x": 83.84, "pos_y": -76.03, "rotation": 0.0, "side": "top", "designator": "R34", "mpn": null, "pack": "R_0402_1005Metric", "value": "0", "mount_type": "smt", "place": true}, {"pos_x": 87.57, "pos_y": -74.75, "rotation": 0.0, "side": "top", "designator": "R33", "mpn": null, "pack": "R_0402_1005Metric", "value": "0", "mount_type": "smt", "place": true}, {"pos_x": 100.98, "pos_y": -63.18, "rotation": 0.0, "side": "top", "designator": "R32", "mpn": null, "pack": "R_0402_1005Metric", "value": "DNI", "mount_type": "smt", "place": true}, {"pos_x": 105.07, "pos_y": -58.73, "rotation": 0.0, "side": "top", "designator": "R31", "mpn": null, "pack": "R_0402_1005Metric", "value": "10K", "mount_type": "smt", "place": true}, {"pos_x": 78.02, "pos_y": -76.03, "rotation": 0.0, "side": "top", "designator": "R30", "mpn": null, "pack": "R_0402_1005Metric", "value": "10K", "mount_type": "smt", "place": true}, {"pos_x": 133.65, "pos_y": -43.44, "rotation": 0.0, "side": "top", "designator": "R29", "mpn": null, "pack": "R_0805_2012Metric", "value": "0.1", "mount_type": "smt", "place": true}, {"pos_x": 129.2, "pos_y": -46.45, "rotation": 0.0, "side": "top", "designator": "R28", "mpn": null, "pack": "R_0805_2012Metric", "value": "0.1", "mount_type": "smt", "place": true}, {"pos_x": 137.31, "pos_y": -42.96, "rotation": 0.0, "side": "top", "designator": "R27", "mpn": null, "pack": "R_0402_1005Metric", "value": "10K", "mount_type": "smt", "place": true}, {"pos_x": 141.8, "pos_y": -36.6, "rotation": 0.0, "side": "top", "designator": "R26", "mpn": null, "pack": "R_0402_1005Metric", "value": "6.8K", "mount_type": "smt", "place": true}, {"pos_x": 120.38, "pos_y": -47.65, "rotation": 0.0, "side": "top", "designator": "R25", "mpn": null, "pack": "R_0402_1005Metric", "value": "75", "mount_type": "smt", "place": true}, {"pos_x": 123.29, "pos_y": -47.65, "rotation": 0.0, "side": "top", "designator": "R24", "mpn": null, "pack": "R_0402_1005Metric", "value": "10K", "mount_type": "smt", "place": true}, {"pos_x": 144.4, "pos_y": -33.59, "rotation": 0.0, "side": "top", "designator": "R23", "mpn": null, "pack": "R_0402_1005Metric", "value": "31.6K", "mount_type": "smt", "place": true}, {"pos_x": 132.9, "pos_y": -45.91, "rotation": 0.0, "side": "top", "designator": "R22", "mpn": null, "pack": "R_0402_1005Metric", "value": "10K", "mount_type": "smt", "place": true}, {"pos_x": 137.35, "pos_y": -39.95, "rotation": 0.0, "side": "top", "designator": "R21", "mpn": null, "pack": "R_0402_1005Metric", "value": "10K", "mount_type": "smt", "place": true}, {"pos_x": 108.65, "pos_y": -36.88, "rotation": 0.0, "side": "top", "designator": "R20", "mpn": null, "pack": "R_0402_1005Metric", "value": "22", "mount_type": "smt", "place": true}, {"pos_x": 92.29, "pos_y": -50.9, "rotation": 0.0, "side": "top", "designator": "R19", "mpn": null, "pack": "R_0402_1005Metric", "value": "22", "mount_type": "smt", "place": true}, {"pos_x": 96.22, "pos_y": -49.59, "rotation": 0.0, "side": "top", "designator": "R18", "mpn": null, "pack": "R_0402_1005Metric", "value": "5.1K", "mount_type": "smt", "place": true}, {"pos_x": 89.38, "pos_y": -52.89, "rotation": 0.0, "side": "top", "designator": "R17", "mpn": null, "pack": "R_0402_1005Metric", "value": "5.1K", "mount_type": "smt", "place": true}, {"pos_x": 89.38, "pos_y": -50.9, "rotation": 0.0, "side": "top", "designator": "R16", "mpn": null, "pack": "R_0402_1005Metric", "value": "22", "mount_type": "smt", "place": true}, {"pos_x": 92.29, "pos_y": -52.89, "rotation": 0.0, "side": "top", "designator": "R15", "mpn": null, "pack": "R_0402_1005Metric", "value": "22", "mount_type": "smt", "place": true}, {"pos_x": 174.0, "pos_y": 9.01, "rotation": 0.0, "side": "top", "designator": "R14", "mpn": null, "pack": "R_0402_1005Metric", "value": "10K", "mount_type": "smt", "place": true}, {"pos_x": 168.18, "pos_y": 7.02, "rotation": 0.0, "side": "top", "designator": "R13", "mpn": null, "pack": "R_0402_1005Metric", "value": "10K", "mount_type": "smt", "place": true}, {"pos_x": 171.09, "pos_y": 7.02, "rotation": 0.0, "side": "top", "designator": "R12", "mpn": null, "pack": "R_0402_1005Metric", "value": "10K", "mount_type": "smt", "place": true}, {"pos_x": 168.18, "pos_y": 9.01, "rotation": 0.0, "side": "top", "designator": "R11", "mpn": null, "pack": "R_0402_1005Metric", "value": "10K", "mount_type": "smt", "place": true}, {"pos_x": 174.0, "pos_y": 7.02, "rotation": 0.0, "side": "top", "designator": "R10", "mpn": null, "pack": "R_0402_1005Metric", "value": "10K", "mount_type": "smt", "place": true}, {"pos_x": 171.09, "pos_y": 9.01, "rotation": 0.0, "side": "top", "designator": "R9", "mpn": null, "pack": "R_0402_1005Metric", "value": "10K", "mount_type": "smt", "place": true}, {"pos_x": 188.97, "pos_y": 6.5, "rotation": 0.0, "side": "top", "designator": "R8", "mpn": null, "pack": "R_0402_1005Metric", "value": "470", "mount_type": "smt", "place": true}, {"pos_x": 191.88, "pos_y": 6.5, "rotation": 0.0, "side": "top", "designator": "R7", "mpn": null, "pack": "R_0402_1005Metric", "value": "240", "mount_type": "smt", "place": true}, {"pos_x": 192.98, "pos_y": 9.01, "rotation": 0.0, "side": "top", "designator": "R6", "mpn": null, "pack": "R_0402_1005Metric", "value": "10K", "mount_type": "smt", "place": true}, {"pos_x": 188.97, "pos_y": 2.52, "rotation": 0.0, "side": "top", "designator": "R5", "mpn": null, "pack": "R_0402_1005Metric", "value": "240", "mount_type": "smt", "place": true}, {"pos_x": 188.97, "pos_y": 4.51, "rotation": 0.0, "side": "top", "designator": "R4", "mpn": null, "pack": "R_0402_1005Metric", "value": "1.5K", "mount_type": "smt", "place": true}, {"pos_x": 195.89, "pos_y": 9.01, "rotation": 0.0, "side": "top", "designator": "R3", "mpn": null, "pack": "R_0402_1005Metric", "value": "1.5K", "mount_type": "smt", "place": true}, {"pos_x": 95.07, "pos_y": -68.89, "rotation": 0.0, "side": "top", "designator": "R2", "mpn": null, "pack": "R_0402_1005Metric", "value": "4.7K", "mount_type": "smt", "place": true}, {"pos_x": 80.93, "pos_y": -76.03, "rotation": 0.0, "side": "top", "designator": "R1", "mpn": null, "pack": "R_0402_1005Metric", "value": "4.7K", "mount_type": "smt", "place": true}, {"pos_x": 122.96, "pos_y": -36.255, "rotation": 0.0, "side": "top", "designator": "L2", "mpn": null, "pack": "L_Bourns_SRP5030T", "value": "1.0u", "mount_type": "smt", "place": true}, {"pos_x": 122.96, "pos_y": -43.285, "rotation": 0.0, "side": "top", "designator": "L1", "mpn": null, "pack": "L_Bourns_SRP5030T", "value": "2.2u", "mount_type": "smt", "place": true}, {"pos_x": 94.84, "pos_y": 7.68, "rotation": 0.0, "side": "top", "designator": "J12", "mpn": null, "pack": "PinHeader_2x06_P2.54mm_Horizontal", "value": "Conn_02x06_Top_Bottom", "mount_type": "tht", "place": true}, {"pos_x": 78.89, "pos_y": -9.67, "rotation": 0.0, "side": "top", "designator": "J11", "mpn": null, "pack": "PinHeader_2x06_P2.54mm_Horizontal", "value": "Conn_02x06_Top_Bottom", "mount_type": "tht", "place": true}, {"pos_x": 126.74, "pos_y": 7.68, "rotation": 0.0, "side": "top", "designator": "J10", "mpn": null, "pack": "PinHeader_2x06_P2.54mm_Horizontal", "value": "Conn_02x06_Top_Bottom", "mount_type": "tht", "place": true}, {"pos_x": 110.79, "pos_y": 7.68, "rotation": 0.0, "side": "top", "designator": "J9", "mpn": null, "pack": "PinHeader_2x06_P2.54mm_Horizontal", "value": "Conn_02x06_Top_Bottom", "mount_type": "tht", "place": true}, {"pos_x": 111.76, "pos_y": -147.32, "rotation": 180.0, "side": "top", "designator": "J8", "mpn": null, "pack": "PinHeader_2x06_P2.54mm_Horizontal", "value": "Conn_02x06_Top_Bottom", "mount_type": "tht", "place": true}, {"pos_x": 110.79, "pos_y": -9.67, "rotation": 0.0, "side": "top", "designator": "J7", "mpn": null, "pack": "PinHeader_2x06_P2.54mm_Horizontal", "value": "Conn_02x06_Top_Bottom", "mount_type": "tht", "place": true}, {"pos_x": 94.84, "pos_y": -9.67, "rotation": 0.0, "side": "top", "designator": "J6", "mpn": null, "pack": "PinHeader_2x06_P2.54mm_Horizontal", "value": "Conn_02x06_Top_Bottom", "mount_type": "tht", "place": true}, {"pos_x": 82.168208, "pos_y": -35.89, "rotation": 0.0, "side": "top", "designator": "J5", "mpn": null, "pack": "USB_A_Molex_67643_Horizontal", "value": "USB_A", "mount_type": "tht", "place": true}, {"pos_x": 100.98, "pos_y": -38.99, "rotation": 0.0, "side": "top", "designator": "J4", "mpn": null, "pack": "USB_C_Receptacle_Amphenol_12401610E4-2A_CircularHoles", "value": "USB_C_Receptacle", "mount_type": "smt", "place": true}, {"pos_x": 193.42, "pos_y": -17.94, "rotation": 0.0, "side": "top", "designator": "J3", "mpn": null, "pack": "PinHeader_1x04_P2.54mm_Vertical", "value": "Conn_01x04", "mount_type": "tht", "place": true}, {"pos_x": 170.18, "pos_y": -111.76, "rotation": 0.0, "side": "top", "designator": "J2", "mpn": null, "pack": "microSD_HC_Hirose_DM3AT-SF-PEJM5", "value": "Micro_SD_Card", "mount_type": "smt", "place": true}, {"pos_x": 115.37, "pos_y": -61.01, "rotation": 0.0, "side": "top", "designator": "H4", "mpn": null, "pack": "MountingHole_2.5mm_Pad", "value": "MountingHole_Pad", "mount_type": "tht", "place": true}, {"pos_x": 130.52, "pos_y": -59.51, "rotation": 0.0, "side": "top", "designator": "FID3", "mpn": null, "pack": "Fiducial_1mm_Mask2mm", "value": "Fiducial", "mount_type": "smt", "place": true}, {"pos_x": 126.97, "pos_y": -59.51, "rotation": 0.0, "side": "top", "designator": "FID2", "mpn": null, "pack": "Fiducial_1mm_Mask2mm", "value": "Fiducial", "mount_type": "smt", "place": true}, {"pos_x": 126.97, "pos_y": -63.06, "rotation": 0.0, "side": "top", "designator": "FID1", "mpn": null, "pack": "Fiducial_1mm_Mask2mm", "value": "Fiducial", "mount_type": "smt", "place": true}, {"pos_x": 110.0, "pos_y": -34.24, "rotation": 0.0, "side": "top", "designator": "F2", "mpn": null, "pack": "R_1206_3216Metric", "value": "Fuse_Small", "mount_type": "smt", "place": true}, {"pos_x": 85.12, "pos_y": -51.55, "rotation": 0.0, "side": "top", "designator": "F1", "mpn": null, "pack": "R_1206_3216Metric", "value": "Fuse_Small", "mount_type": "smt", "place": true}, {"pos_x": 97.64, "pos_y": -46.92, "rotation": 0.0, "side": "top", "designator": "D5", "mpn": null, "pack": "D_SOD-123", "value": "D_TVS", "mount_type": "smt", "place": true}, {"pos_x": 79.44, "pos_y": -51.58, "rotation": 0.0, "side": "top", "designator": "D4", "mpn": null, "pack": "D_SOD-123", "value": "D_TVS", "mount_type": "smt", "place": true}, {"pos_x": 88.99, "pos_y": -66.56, "rotation": 0.0, "side": "top", "designator": "D3", "mpn": null, "pack": "D_SOD-123", "value": "D_Schottky", "mount_type": "smt", "place": true}, {"pos_x": 135.62, "pos_y": -34.27, "rotation": 0.0, "side": "top", "designator": "D2", "mpn": null, "pack": "D_SOD-123", "value": "D_Schottky", "mount_type": "smt", "place": true}, {"pos_x": 129.87, "pos_y": -34.27, "rotation": 0.0, "side": "top", "designator": "D1", "mpn": null, "pack": "D_SOD-123", "value": "D_Zener", "mount_type": "smt", "place": true}, {"pos_x": 144.29, "pos_y": -64.8, "rotation": 0.0, "side": "top", "designator": "C84", "mpn": null, "pack": "C_0402_1005Metric", "value": "0.22u", "mount_type": "smt", "place": true}, {"pos_x": 147.16, "pos_y": -64.8, "rotation": 0.0, "side": "top", "designator": "C83", "mpn": null, "pack": "C_0402_1005Metric", "value": "0.22u", "mount_type": "smt", "place": true}, {"pos_x": 148.74, "pos_y": -60.75, "rotation": 0.0, "side": "top", "designator": "C82", "mpn": null, "pack": "C_0402_1005Metric", "value": "0.22u", "mount_type": "smt", "place": true}, {"pos_x": 144.29, "pos_y": -66.77, "rotation": 0.0, "side": "top", "designator": "C81", "mpn": null, "pack": "C_0402_1005Metric", "value": "0.22u", "mount_type": "smt", "place": true}, {"pos_x": 154.48, "pos_y": -57.74, "rotation": 0.0, "side": "top", "designator": "C80", "mpn": null, "pack": "C_0402_1005Metric", "value": "0.22u", "mount_type": "smt", "place": true}, {"pos_x": 157.64, "pos_y": -52.76, "rotation": 0.0, "side": "top", "designator": "C79", "mpn": null, "pack": "C_0402_1005Metric", "value": "0.22u", "mount_type": "smt", "place": true}, {"pos_x": 148.74, "pos_y": -58.78, "rotation": 0.0, "side": "top", "designator": "C78", "mpn": null, "pack": "C_0402_1005Metric", "value": "0.22u", "mount_type": "smt", "place": true}, {"pos_x": 151.61, "pos_y": -60.75, "rotation": 0.0, "side": "top", "designator": "C77", "mpn": null, "pack": "C_0402_1005Metric", "value": "0.22u", "mount_type": "smt", "place": true}, {"pos_x": 156.06, "pos_y": -55.77, "rotation": 0.0, "side": "top", "designator": "C76", "mpn": null, "pack": "C_0402_1005Metric", "value": "0.22u", "mount_type": "smt", "place": true}, {"pos_x": 149.53, "pos_y": -53.28, "rotation": 0.0, "side": "top", "designator": "C75", "mpn": null, "pack": "C_0805_2012Metric", "value": "4.7u", "mount_type": "smt", "place": true}, {"pos_x": 151.61, "pos_y": -58.78, "rotation": 0.0, "side": "top", "designator": "C74", "mpn": null, "pack": "C_0402_1005Metric", "value": "0.22u", "mount_type": "smt", "place": true}, {"pos_x": 148.74, "pos_y": -62.72, "rotation": 0.0, "side": "top", "designator": "C73", "mpn": null, "pack": "C_0402_1005Metric", "value": "0.22u", "mount_type": "smt", "place": true}, {"pos_x": 145.08, "pos_y": -59.3, "rotation": 0.0, "side": "top", "designator": "C72", "mpn": null, "pack": "C_0805_2012Metric", "value": "10u", "mount_type": "smt", "place": true}, {"pos_x": 145.08, "pos_y": -62.31, "rotation": 0.0, "side": "top", "designator": "C71", "mpn": null, "pack": "C_0805_2012Metric", "value": "22u", "mount_type": "smt", "place": true}, {"pos_x": 153.98, "pos_y": -53.28, "rotation": 0.0, "side": "top", "designator": "C70", "mpn": null, "pack": "C_0805_2012Metric", "value": "22u", "mount_type": "smt", "place": true}, {"pos_x": 153.19, "pos_y": -55.77, "rotation": 0.0, "side": "top", "designator": "C69", "mpn": null, "pack": "C_0402_1005Metric", "value": "0.22u", "mount_type": "smt", "place": true}, {"pos_x": 145.08, "pos_y": -53.28, "rotation": 0.0, "side": "top", "designator": "C68", "mpn": null, "pack": "C_0805_2012Metric", "value": "4.7u", "mount_type": "smt", "place": true}, {"pos_x": 145.08, "pos_y": -56.29, "rotation": 0.0, "side": "top", "designator": "C67", "mpn": null, "pack": "C_0805_2012Metric", "value": "22u", "mount_type": "smt", "place": true}, {"pos_x": 149.53, "pos_y": -56.29, "rotation": 0.0, "side": "top", "designator": "C66", "mpn": null, "pack": "C_0805_2012Metric", "value": "22u", "mount_type": "smt", "place": true}, {"pos_x": 173.12, "pos_y": -40.95, "rotation": 0.0, "side": "top", "designator": "C65", "mpn": null, "pack": "C_0805_2012Metric", "value": "10u", "mount_type": "smt", "place": true}, {"pos_x": 176.78, "pos_y": -40.43, "rotation": 0.0, "side": "top", "designator": "C64", "mpn": null, "pack": "C_0402_1005Metric", "value": "0.22uF", "mount_type": "smt", "place": true}, {"pos_x": 173.12, "pos_y": -21.64, "rotation": 0.0, "side": "top", "designator": "C63", "mpn": null, "pack": "C_0805_2012Metric", "value": "10u", "mount_type": "smt", "place": true}, {"pos_x": 176.78, "pos_y": -21.12, "rotation": 0.0, "side": "top", "designator": "C62", "mpn": null, "pack": "C_0402_1005Metric", "value": "0.22uF", "mount_type": "smt", "place": true}, {"pos_x": 193.32, "pos_y": -29.37, "rotation": 0.0, "side": "top", "designator": "C61", "mpn": null, "pack": "C_0805_2012Metric", "value": "10u", "mount_type": "smt", "place": true}, {"pos_x": 205.91, "pos_y": -16.6, "rotation": 0.0, "side": "top", "designator": "C60", "mpn": null, "pack": "C_0402_1005Metric", "value": "0.22uF", "mount_type": "smt", "place": true}, {"pos_x": 209.94, "pos_y": 8.5, "rotation": 0.0, "side": "top", "designator": "C59", "mpn": null, "pack": "C_0805_2012Metric", "value": "10u", "mount_type": "smt", "place": true}, {"pos_x": 213.6, "pos_y": 9.02, "rotation": 0.0, "side": "top", "designator": "C58", "mpn": null, "pack": "C_0402_1005Metric", "value": "0.22uF", "mount_type": "smt", "place": true}, {"pos_x": 94.09, "pos_y": -66.39, "rotation": 0.0, "side": "top", "designator": "C57", "mpn": null, "pack": "C_0805_2012Metric", "value": "10u", "mount_type": "smt", "place": true}, {"pos_x": 105.05, "pos_y": -60.71, "rotation": 0.0, "side": "top", "designator": "C56", "mpn": null, "pack": "C_0402_1005Metric", "value": "0.22uF", "mount_type": "smt", "place": true}, {"pos_x": 88.34, "pos_y": -69.74, "rotation": 0.0, "side": "top", "designator": "C55", "mpn": null, "pack": "C_0805_2012Metric", "value": "DNP", "mount_type": "smt", "place": true}, {"pos_x": 129.22, "pos_y": -37.45, "rotation": 0.0, "side": "top", "designator": "C54", "mpn": null, "pack": "C_0805_2012Metric", "value": "22u", "mount_type": "smt", "place": true}, {"pos_x": 129.22, "pos_y": -40.46, "rotation": 0.0, "side": "top", "designator": "C53", "mpn": null, "pack": "C_0805_2012Metric", "value": "22u", "mount_type": "smt", "place": true}, {"pos_x": 133.67, "pos_y": -37.45, "rotation": 0.0, "side": "top", "designator": "C52", "mpn": null, "pack": "C_0805_2012Metric", "value": "22u", "mount_type": "smt", "place": true}, {"pos_x": 138.12, "pos_y": -37.45, "rotation": 0.0, "side": "top", "designator": "C51", "mpn": null, "pack": "C_0805_2012Metric", "value": "22u", "mount_type": "smt", "place": true}, {"pos_x": 140.24, "pos_y": -39.94, "rotation": 0.0, "side": "top", "designator": "C50", "mpn": null, "pack": "C_0402_1005Metric", "value": "100n", "mount_type": "smt", "place": true}, {"pos_x": 144.69, "pos_y": -35.57, "rotation": 0.0, "side": "top", "designator": "C49", "mpn": null, "pack": "C_0402_1005Metric", "value": "100n", "mount_type": "smt", "place": true}, {"pos_x": 129.22, "pos_y": -43.47, "rotation": 0.0, "side": "top", "designator": "C48", "mpn": null, "pack": "C_0805_2012Metric", "value": "10n", "mount_type": "smt", "place": true}, {"pos_x": 140.72, "pos_y": -34.1, "rotation": 0.0, "side": "top", "designator": "C47", "mpn": null, "pack": "C_0805_2012Metric", "value": "10u", "mount_type": "smt", "place": true}, {"pos_x": 133.67, "pos_y": -40.46, "rotation": 0.0, "side": "top", "designator": "C46", "mpn": null, "pack": "C_0805_2012Metric", "value": "10u", "mount_type": "smt", "place": true}, {"pos_x": 91.56, "pos_y": -74.26, "rotation": 0.0, "side": "top", "designator": "C45", "mpn": null, "pack": "C_0402_1005Metric", "value": "DNP", "mount_type": "smt", "place": true}, {"pos_x": 114.24, "pos_y": -33.58, "rotation": 0.0, "side": "top", "designator": "C44", "mpn": null, "pack": "C_0402_1005Metric", "value": "47pF", "mount_type": "smt", "place": true}, {"pos_x": 108.63, "pos_y": -38.86, "rotation": 0.0, "side": "top", "designator": "C43", "mpn": null, "pack": "C_0402_1005Metric", "value": "47pF", "mount_type": "smt", "place": true}, {"pos_x": 95.18, "pos_y": -51.57, "rotation": 0.0, "side": "top", "designator": "C42", "mpn": null, "pack": "C_0402_1005Metric", "value": "47pF", "mount_type": "smt", "place": true}, {"pos_x": 101.95, "pos_y": -46.23, "rotation": 0.0, "side": "top", "designator": "C41", "mpn": null, "pack": "C_0402_1005Metric", "value": "47pF", "mount_type": "smt", "place": true}, {"pos_x": 156.58, "pos_y": -25.06, "rotation": 0.0, "side": "top", "designator": "C40", "mpn": null, "pack": "C_0402_1005Metric", "value": "0.22u", "mount_type": "smt", "place": true}, {"pos_x": 155.0, "pos_y": -29.11, "rotation": 0.0, "side": "top", "designator": "C39", "mpn": null, "pack": "C_0402_1005Metric", "value": "0.22u", "mount_type": "smt", "place": true}, {"pos_x": 155.0, "pos_y": -27.14, "rotation": 0.0, "side": "top", "designator": "C38", "mpn": null, "pack": "C_0402_1005Metric", "value": "0.22u", "mount_type": "smt", "place": true}, {"pos_x": 165.19, "pos_y": -21.12, "rotation": 0.0, "side": "top", "designator": "C37", "mpn": null, "pack": "C_0402_1005Metric", "value": "0.22u", "mount_type": "smt", "place": true}, {"pos_x": 162.32, "pos_y": -21.12, "rotation": 0.0, "side": "top", "designator": "C36", "mpn": null, "pack": "C_0402_1005Metric", "value": "0.22u", "mount_type": "smt", "place": true}, {"pos_x": 152.13, "pos_y": -31.08, "rotation": 0.0, "side": "top", "designator": "C35", "mpn": null, "pack": "C_0402_1005Metric", "value": "0.22u", "mount_type": "smt", "place": true}, {"pos_x": 152.13, "pos_y": -33.05, "rotation": 0.0, "side": "top", "designator": "C34", "mpn": null, "pack": "C_0402_1005Metric", "value": "0.22u", "mount_type": "smt", "place": true}, {"pos_x": 159.45, "pos_y": -23.09, "rotation": 0.0, "side": "top", "designator": "C33", "mpn": null, "pack": "C_0402_1005Metric", "value": "0.22u", "mount_type": "smt", "place": true}, {"pos_x": 159.45, "pos_y": -21.12, "rotation": 0.0, "side": "top", "designator": "C32", "mpn": null, "pack": "C_0402_1005Metric", "value": "0.22u", "mount_type": "smt", "place": true}, {"pos_x": 157.87, "pos_y": -27.03, "rotation": 0.0, "side": "top", "designator": "C31", "mpn": null, "pack": "C_0402_1005Metric", "value": "0.22u", "mount_type": "smt", "place": true}, {"pos_x": 152.13, "pos_y": -27.14, "rotation": 0.0, "side": "top", "designator": "C30", "mpn": null, "pack": "C_0402_1005Metric", "value": "0.22u", "mount_type": "smt", "place": true}, {"pos_x": 156.58, "pos_y": -23.09, "rotation": 0.0, "side": "top", "designator": "C29", "mpn": null, "pack": "C_0402_1005Metric", "value": "0.22u", "mount_type": "smt", "place": true}, {"pos_x": 159.45, "pos_y": -25.06, "rotation": 0.0, "side": "top", "designator": "C28", "mpn": null, "pack": "C_0402_1005Metric", "value": "0.22u", "mount_type": "smt", "place": true}, {"pos_x": 152.13, "pos_y": -29.11, "rotation": 0.0, "side": "top", "designator": "C27", "mpn": null, "pack": "C_0402_1005Metric", "value": "0.22u", "mount_type": "smt", "place": true}, {"pos_x": 162.32, "pos_y": -23.09, "rotation": 0.0, "side": "top", "designator": "C26", "mpn": null, "pack": "C_0402_1005Metric", "value": "0.22u", "mount_type": "smt", "place": true}, {"pos_x": 156.58, "pos_y": -21.12, "rotation": 0.0, "side": "top", "designator": "C25", "mpn": null, "pack": "C_0402_1005Metric", "value": "0.22u", "mount_type": "smt", "place": true}, {"pos_x": 152.92, "pos_y": -21.64, "rotation": 0.0, "side": "top", "designator": "C24", "mpn": null, "pack": "C_0805_2012Metric", "value": "10u", "mount_type": "smt", "place": true}, {"pos_x": 155.0, "pos_y": -31.08, "rotation": 0.0, "side": "top", "designator": "C23", "mpn": null, "pack": "C_0402_1005Metric", "value": "0.22u", "mount_type": "smt", "place": true}, {"pos_x": 152.92, "pos_y": -24.65, "rotation": 0.0, "side": "top", "designator": "C22", "mpn": null, "pack": "C_0805_2012Metric", "value": "22u", "mount_type": "smt", "place": true}, {"pos_x": 168.16, "pos_y": 5.04, "rotation": 0.0, "side": "top", "designator": "C21", "mpn": null, "pack": "C_0402_1005Metric", "value": "0.22u", "mount_type": "smt", "place": true}, {"pos_x": 171.03, "pos_y": 5.04, "rotation": 0.0, "side": "top", "designator": "C20", "mpn": null, "pack": "C_0402_1005Metric", "value": "0.22u", "mount_type": "smt", "place": true}, {"pos_x": 152.2, "pos_y": -15.12, "rotation": 0.0, "side": "top", "designator": "C19", "mpn": null, "pack": "C_0805_2012Metric", "value": "22u", "mount_type": "smt", "place": true}, {"pos_x": 173.9, "pos_y": 5.04, "rotation": 0.0, "side": "top", "designator": "C18", "mpn": null, "pack": "C_0402_1005Metric", "value": "0.1u", "mount_type": "smt", "place": true}, {"pos_x": 194.73, "pos_y": 3.09, "rotation": 0.0, "side": "top", "designator": "C17", "mpn": null, "pack": "C_0402_1005Metric", "value": "2.2p", "mount_type": "smt", "place": true}, {"pos_x": 191.86, "pos_y": 4.52, "rotation": 0.0, "side": "top", "designator": "C16", "mpn": null, "pack": "C_0402_1005Metric", "value": "2.2p", "mount_type": "smt", "place": true}, {"pos_x": 188.95, "pos_y": -1.43, "rotation": 0.0, "side": "top", "designator": "C15", "mpn": null, "pack": "C_0402_1005Metric", "value": "DNP", "mount_type": "smt", "place": true}, {"pos_x": 191.86, "pos_y": 2.55, "rotation": 0.0, "side": "top", "designator": "C14", "mpn": null, "pack": "C_0402_1005Metric", "value": "DNP", "mount_type": "smt", "place": true}, {"pos_x": 194.77, "pos_y": 7.03, "rotation": 0.0, "side": "top", "designator": "C13", "mpn": null, "pack": "C_0402_1005Metric", "value": "0.22u", "mount_type": "smt", "place": true}, {"pos_x": 188.95, "pos_y": 0.54, "rotation": 0.0, "side": "top", "designator": "C12", "mpn": null, "pack": "C_0402_1005Metric", "value": "0.22u", "mount_type": "smt", "place": true}, {"pos_x": 191.82, "pos_y": 0.54, "rotation": 0.0, "side": "top", "designator": "C11", "mpn": null, "pack": "C_0402_1005Metric", "value": "0.22u", "mount_type": "smt", "place": true}, {"pos_x": 197.64, "pos_y": 7.03, "rotation": 0.0, "side": "top", "designator": "C10", "mpn": null, "pack": "C_0402_1005Metric", "value": "0.22u", "mount_type": "smt", "place": true}, {"pos_x": 194.77, "pos_y": 5.06, "rotation": 0.0, "side": "top", "designator": "C9", "mpn": null, "pack": "C_0402_1005Metric", "value": "0.1u", "mount_type": "smt", "place": true}, {"pos_x": 198.78, "pos_y": 9.02, "rotation": 0.0, "side": "top", "designator": "C8", "mpn": null, "pack": "C_0402_1005Metric", "value": "0.1u", "mount_type": "smt", "place": true}, {"pos_x": 189.52, "pos_y": 8.75, "rotation": 0.0, "side": "top", "designator": "C7", "mpn": null, "pack": "C_0603_1608Metric", "value": "4.7u", "mount_type": "smt", "place": true}, {"pos_x": 97.52, "pos_y": -63.44, "rotation": 0.0, "side": "top", "designator": "C6", "mpn": null, "pack": "C_0603_1608Metric", "value": "1u", "mount_type": "smt", "place": true}, {"pos_x": 88.12, "pos_y": -72.5, "rotation": 0.0, "side": "top", "designator": "C5", "mpn": null, "pack": "C_0603_1608Metric", "value": "1u", "mount_type": "smt", "place": true}, {"pos_x": 95.05, "pos_y": -70.87, "rotation": 0.0, "side": "top", "designator": "C4", "mpn": null, "pack": "C_0402_1005Metric", "value": "15p", "mount_type": "smt", "place": true}, {"pos_x": 100.96, "pos_y": -65.16, "rotation": 0.0, "side": "top", "designator": "C3", "mpn": null, "pack": "C_0402_1005Metric", "value": "15p", "mount_type": "smt", "place": true}, {"pos_x": 83.82, "pos_y": -66.04, "rotation": 0.0, "side": "top", "designator": "C1", "mpn": null, "pack": "C_0603_1608Metric", "value": "1u", "mount_type": "smt", "place": true}, {"pos_x": 109.22, "pos_y": -109.22, "rotation": 0.0, "side": "top", "designator": "U4", "mpn": null, "pack": "SOT-563", "value": "AP62250Z6", "mount_type": "smt", "place": true}, {"pos_x": 104.53, "pos_y": -97.37, "rotation": 0.0, "side": "top", "designator": "U3", "mpn": null, "pack": "SOT-563", "value": "AP62250Z6", "mount_type": "smt", "place": true}, {"pos_x": 124.46, "pos_y": -129.54, "rotation": -90.0, "side": "top", "designator": "U1", "mpn": null, "pack": "BGA289C80P17X17_1400X1400X132", "value": "MCIMX6Z0DVM09AB", "mount_type": "smt", "place": true}, {"pos_x": 124.46, "pos_y": -111.76, "rotation": 0.0, "side": "top", "designator": "U2", "mpn": null, "pack": "BGA96C80P9X16_1400X800X120N", "value": "MT41K64M16TW-107:J_TR", "mount_type": "smt", "place": true}]